{
 "chain_iptm": [
  0.93,
  0.68,
  0.68,
  0.59,
  0.53,
  0.57,
  0.57
 ],
 "chain_pair_iptm": [
  [
   0.93,
   0.97,
   0.97,
   0.91,
   0.86,
   0.93,
   0.93
  ],
  [
   0.97,
   null,
   null,
   null,
   null,
   0.53,
   0.54
  ],
  [
   0.97,
   null,
   null,
   null,
   null,
   0.56,
   0.52
  ],
  [
   0.91,
   null,
   null,
   null,
   null,
   0.42,
   0.44
  ],
  [
   0.86,
   null,
   null,
   null,
   null,
   0.35,
   0.37
  ],
  [
   0.93,
   0.53,
   0.56,
   0.42,
   0.35,
   0.32,
   0.65
  ],
  [
   0.93,
   0.54,
   0.52,
   0.44,
   0.37,
   0.65,
   0.32
  ]
 ],
 "chain_pair_pae_min": [
  [
   0.76,
   1.04,
   0.99,
   2.18,
   3.2,
   1.08,
   1.04
  ],
  [
   null,
   null,
   null,
   null,
   null,
   null,
   null
  ],
  [
   null,
   null,
   null,
   null,
   null,
   null,
   null
  ],
  [
   null,
   null,
   null,
   null,
   null,
   null,
   null
  ],
  [
   null,
   null,
   null,
   null,
   null,
   null,
   null
  ],
  [
   0.96,
   1.2,
   1.1,
   2.39,
   3.44,
   0.77,
   0.97
  ],
  [
   1.03,
   1.17,
   1.2,
   2.2,
   3.38,
   0.95,
   0.77
  ]
 ],
 "chain_ptm": [
  0.93,
  null,
  null,
  null,
  null,
  0.32,
  0.32
 ],
 "fraction_disordered": 0.0,
 "has_clash": 0.0,
 "iptm": 0.93,
 "num_recycles": 10.0,
 "ptm": 0.94,
 "ranking_score": 0.93
}