{
 "chain_iptm": [
  0.92,
  0.67,
  0.67,
  0.58,
  0.52,
  0.56,
  0.57
 ],
 "chain_pair_iptm": [
  [
   0.93,
   0.97,
   0.97,
   0.9,
   0.86,
   0.92,
   0.92
  ],
  [
   0.97,
   null,
   null,
   null,
   null,
   0.51,
   0.52
  ],
  [
   0.97,
   null,
   null,
   null,
   null,
   0.53,
   0.52
  ],
  [
   0.9,
   null,
   null,
   null,
   null,
   0.4,
   0.43
  ],
  [
   0.86,
   null,
   null,
   null,
   null,
   0.35,
   0.37
  ],
  [
   0.92,
   0.51,
   0.53,
   0.4,
   0.35,
   0.31,
   0.64
  ],
  [
   0.92,
   0.52,
   0.52,
   0.43,
   0.37,
   0.64,
   0.31
  ]
 ],
 "chain_pair_pae_min": [
  [
   0.76,
   1.09,
   1.02,
   2.29,
   3.23,
   1.1,
   1.08
  ],
  [
   null,
   null,
   null,
   null,
   null,
   null,
   null
  ],
  [
   null,
   null,
   null,
   null,
   null,
   null,
   null
  ],
  [
   null,
   null,
   null,
   null,
   null,
   null,
   null
  ],
  [
   null,
   null,
   null,
   null,
   null,
   null,
   null
  ],
  [
   0.99,
   1.24,
   1.14,
   2.51,
   3.48,
   0.77,
   0.99
  ],
  [
   1.05,
   1.23,
   1.19,
   2.35,
   3.36,
   0.98,
   0.77
  ]
 ],
 "chain_ptm": [
  0.93,
  null,
  null,
  null,
  null,
  0.31,
  0.31
 ],
 "fraction_disordered": 0.0,
 "has_clash": 0.0,
 "iptm": 0.93,
 "num_recycles": 10.0,
 "ptm": 0.93,
 "ranking_score": 0.93
}