{
 "chain_iptm": [
  0.92,
  0.66,
  0.66,
  0.57,
  0.52,
  0.55,
  0.55
 ],
 "chain_pair_iptm": [
  [
   0.92,
   0.97,
   0.97,
   0.9,
   0.86,
   0.92,
   0.92
  ],
  [
   0.97,
   null,
   null,
   null,
   null,
   0.5,
   0.5
  ],
  [
   0.97,
   null,
   null,
   null,
   null,
   0.52,
   0.5
  ],
  [
   0.9,
   null,
   null,
   null,
   null,
   0.39,
   0.41
  ],
  [
   0.86,
   null,
   null,
   null,
   null,
   0.34,
   0.36
  ],
  [
   0.92,
   0.5,
   0.52,
   0.39,
   0.34,
   0.3,
   0.63
  ],
  [
   0.92,
   0.5,
   0.5,
   0.41,
   0.36,
   0.63,
   0.3
  ]
 ],
 "chain_pair_pae_min": [
  [
   0.76,
   1.12,
   1.05,
   2.37,
   3.18,
   1.16,
   1.1
  ],
  [
   null,
   null,
   null,
   null,
   null,
   null,
   null
  ],
  [
   null,
   null,
   null,
   null,
   null,
   null,
   null
  ],
  [
   null,
   null,
   null,
   null,
   null,
   null,
   null
  ],
  [
   null,
   null,
   null,
   null,
   null,
   null,
   null
  ],
  [
   1.03,
   1.26,
   1.18,
   2.59,
   3.44,
   0.78,
   1.0
  ],
  [
   1.05,
   1.31,
   1.25,
   2.41,
   3.31,
   1.0,
   0.77
  ]
 ],
 "chain_ptm": [
  0.92,
  null,
  null,
  null,
  null,
  0.3,
  0.3
 ],
 "fraction_disordered": 0.0,
 "has_clash": 0.0,
 "iptm": 0.92,
 "num_recycles": 10.0,
 "ptm": 0.93,
 "ranking_score": 0.93
}