{
 "chain_iptm": [
  0.93,
  0.67,
  0.68,
  0.58,
  0.52,
  0.57,
  0.57
 ],
 "chain_pair_iptm": [
  [
   0.93,
   0.97,
   0.97,
   0.9,
   0.86,
   0.93,
   0.93
  ],
  [
   0.97,
   null,
   null,
   null,
   null,
   0.51,
   0.52
  ],
  [
   0.97,
   null,
   null,
   null,
   null,
   0.55,
   0.52
  ],
  [
   0.9,
   null,
   null,
   null,
   null,
   0.41,
   0.42
  ],
  [
   0.86,
   null,
   null,
   null,
   null,
   0.35,
   0.37
  ],
  [
   0.93,
   0.51,
   0.55,
   0.41,
   0.35,
   0.32,
   0.64
  ],
  [
   0.93,
   0.52,
   0.52,
   0.42,
   0.37,
   0.64,
   0.31
  ]
 ],
 "chain_pair_pae_min": [
  [
   0.76,
   1.08,
   1.01,
   2.28,
   3.21,
   1.1,
   1.07
  ],
  [
   null,
   null,
   null,
   null,
   null,
   null,
   null
  ],
  [
   null,
   null,
   null,
   null,
   null,
   null,
   null
  ],
  [
   null,
   null,
   null,
   null,
   null,
   null,
   null
  ],
  [
   null,
   null,
   null,
   null,
   null,
   null,
   null
  ],
  [
   0.98,
   1.23,
   1.11,
   2.47,
   3.46,
   0.77,
   0.99
  ],
  [
   1.03,
   1.24,
   1.2,
   2.32,
   3.4,
   0.97,
   0.77
  ]
 ],
 "chain_ptm": [
  0.93,
  null,
  null,
  null,
  null,
  0.32,
  0.31
 ],
 "fraction_disordered": 0.0,
 "has_clash": 0.0,
 "iptm": 0.93,
 "num_recycles": 10.0,
 "ptm": 0.94,
 "ranking_score": 0.93
}