{
 "chain_iptm": [
  0.92,
  0.66,
  0.68,
  0.58,
  0.52,
  0.56,
  0.56
 ],
 "chain_pair_iptm": [
  [
   0.93,
   0.97,
   0.97,
   0.9,
   0.86,
   0.93,
   0.93
  ],
  [
   0.97,
   null,
   null,
   null,
   null,
   0.51,
   0.52
  ],
  [
   0.97,
   null,
   null,
   null,
   null,
   0.54,
   0.52
  ],
  [
   0.9,
   null,
   null,
   null,
   null,
   0.4,
   0.42
  ],
  [
   0.86,
   null,
   null,
   null,
   null,
   0.34,
   0.36
  ],
  [
   0.93,
   0.51,
   0.54,
   0.4,
   0.34,
   0.31,
   0.63
  ],
  [
   0.93,
   0.52,
   0.52,
   0.42,
   0.36,
   0.63,
   0.31
  ]
 ],
 "chain_pair_pae_min": [
  [
   0.76,
   1.08,
   1.01,
   2.4,
   3.35,
   1.12,
   1.07
  ],
  [
   null,
   null,
   null,
   null,
   null,
   null,
   null
  ],
  [
   null,
   null,
   null,
   null,
   null,
   null,
   null
  ],
  [
   null,
   null,
   null,
   null,
   null,
   null,
   null
  ],
  [
   null,
   null,
   null,
   null,
   null,
   null,
   null
  ],
  [
   1.02,
   1.24,
   1.15,
   2.53,
   3.66,
   0.77,
   1.0
  ],
  [
   1.05,
   1.25,
   1.21,
   2.35,
   3.46,
   0.98,
   0.77
  ]
 ],
 "chain_ptm": [
  0.93,
  null,
  null,
  null,
  null,
  0.31,
  0.31
 ],
 "fraction_disordered": 0.0,
 "has_clash": 0.0,
 "iptm": 0.93,
 "num_recycles": 10.0,
 "ptm": 0.94,
 "ranking_score": 0.93
}